Workbook

Sheet Read me
A1: Portfolio quality report pack
A2: Paste your inventory into the Data sheet. Everything else computes: the six checks, a findings list with owners and due dates, the one-page report, and a twelve-month trend.
A4: How to run it, monthly, in about twenty minutes
A5: 1. Export the inventory and paste it into Data (columns A to J). Keep the header row. Rows are matched by APP-ID.
A6: 2. Open Checks - each of the six checks flags per row. Nothing to type.
A7: 3. Open Findings - one row per problem, already routed to an owner with a due date. Add the raised date for new ones and keep the ones carried over.
A8: 4. Open Report - the four blocks with the numbers filled in. Copy it into your monthly note.
A9: 5. Add one row to Trend with this month's figures. That sheet is what makes the twelve-month shape visible.
A11: The rules behind the checks
A12: Completeness counts only mandatory fields, and only Active records. Plan records are excluded rather than failed.
A13: Ownership is reported as two separate numbers - business owner coverage always trails, and a blended figure hides the interesting part.
A14: Stale means not attested within the window on the Settings sheet - 120 days by default. Stale is not wrong, it is unexamined.
... A21: Companion article: mehdibamou.com/publications/portfolio-quality-report - free to use and adapt

Sheet Settings
A1: Setting | B1: Value | C1: Note
A2: Report as-at date | B2: 46203 | C2: Month end. Drives ages, staleness, and the report header
A3: Stale window (days) | B3: 120 | C3: 90 for fast-moving landscapes, 180 for stable ones
A4: Completeness target | B4: 0.9 | C4: Set it where you intend to hold, not where it flatters
A5: Due days - single field fix | B5: 15 | C5: Working days
A6: Due days - needs a decision | B6: 30 | C6: Working days

Sheet Data
A1: APP-ID | B1: Name | C1: Description | D1: Capability | E1: IT owner | F1: Business owner | G1: Lifecycle | H1: Domain | I1: Last attested | J1: Component end of support
A2: APP-001 | B2: Order management | C2: Web and store orders to fulfilment handover | D2: CAP-03 | E2: OWN-01 | F2: OWN-04 | G2: Active | H2: Commerce | I2: 46162 | J2: 46568
A3: APP-014 | B3: Returns portal | C3: Customer returns intake and refunds | D3: CAP-04 | E3: OWN-01 | G3: Active | H3: Commerce | I3: 46160 | J3: 46418
A4: APP-022 | B4: Store rota tool | C4: Shift planning used in two markets | D4: CAP-09 | E4: OWN-02 | G4: Active | H4: Corporate | I4: 46055 | J4: 46843
A5: APP-031 | B5: Pricing engine | C5: Calculates promotional prices | D5: CAP-05 | E5: OWN-03 | F5: OWN-05 | G5: Active | H5: Commerce | I5: 46153 | J5: 46112
A6: APP-007 | B6: Supplier portal | C6: Supplier onboarding and documents | D6: CAP-11 | E6: OWN-02 | F6: OWN-06 | G6: Active | H6: Supply chain | I6: 46026 | J6: 46660
A7: APP-052 | B7: Warehouse control | C7: Picking and packing control | D7: CAP-12 | E7: OWN-03 | F7: OWN-07 | G7: Active | H7: Supply chain | I7: 46164 | J7: 46507
A8: APP-058 | B8: Warehouse control (DE) | C8: Picking and packing, German sites | D8: CAP-12 | E8: OWN-03 | F8: OWN-07 | G8: Active | H8: Supply chain | I8: 46164 | J8: 46507
A9: APP-063 | B9: Analytics workspace | E9: OWN-04 | F9: OWN-08 | G9: Active | H9: Data | I9: 46161
A10: APP-070 | B10: Legacy store portal | C10: Replaced by APP-001 in most markets | D10: CAP-07 | E10: OWN-02 | F10: OWN-06 | G10: Phase-out | H10: Commerce | I10: 46140 | J10: 46295
A11: APP-081 | B11: Loyalty engine | C11: Points, tiers, and vouchers | D11: CAP-06 | E11: OWN-01 | F11: OWN-04 | G11: Plan | H11: Commerce
A13: ^ paste your export from here down. Ten example rows above show the expected shape - delete them when you have real data.

Sheet Checks
A1: APP-ID | B1: Active? | C1: Complete? | D1: IT owner? | E1: Business owner? | F1: Stale? | G1: Duplicate risk | H1: Orphan? | I1: Lifecycle contradiction | J1: Findings on this row
A2: =IF(Data!A2="","",Data!A2) -> APP-001 | B2: =IF($A2="","",IF(Data!G2="Active",1,0)) -> 1 | C2: =IF($B2<>1,"",IF(COUNTBLANK(Data!B2:H2)=0,1,0)) -> 1 | D2: =IF($B2<>1,"",IF(LEFT(Data!E2,4)="OWN-",1,0)) -> 1 | E2: =IF($B2<>1,"",IF(LEFT(Data!F2,4)="OWN-",1,0)) -> 1 | F2: =IF($B2<>1,"",IF(OR(Data!I2="",(Settings!$B$2-Data!I2)>Settings!$B$3),1,0)) -> 0 | G2: =IF($B2<>1,"",IF(SUMPRODUCT(--($B$2:$B$201=1),--(LEFT(Data!$B$2:$B$201,8)=LEFT(Data!B2,8)))>1,1,0)) -> 0 | H2: =IF($B2<>1,"",IF(Data!D2="",1,0)) -> 0 | I2: =IF($A2="","",IF(AND(Data!J2<>"",ISNUMBER(Data!J2),Data!J2<Settings!$B$2,Data!G2="Active"),1,0)) -> 0 | J2: =IF($A2="","",IF($B2<>1,0,(1-N($C2))+(1-N($D2))+(1-N($E2))+N($F2)+N($G2)+N($H2)+N($I2))) -> 0
A3: =IF(Data!A3="","",Data!A3) -> APP-014 | B3: =IF($A3="","",IF(Data!G3="Active",1,0)) -> 1 | C3: =IF($B3<>1,"",IF(COUNTBLANK(Data!B3:H3)=0,1,0)) -> 0 | D3: =IF($B3<>1,"",IF(LEFT(Data!E3,4)="OWN-",1,0)) -> 1 | E3: =IF($B3<>1,"",IF(LEFT(Data!F3,4)="OWN-",1,0)) -> 0 | F3: =IF($B3<>1,"",IF(OR(Data!I3="",(Settings!$B$2-Data!I3)>Settings!$B$3),1,0)) -> 0 | G3: =IF($B3<>1,"",IF(SUMPRODUCT(--($B$2:$B$201=1),--(LEFT(Data!$B$2:$B$201,8)=LEFT(Data!B3,8)))>1,1,0)) -> 0 | H3: =IF($B3<>1,"",IF(Data!D3="",1,0)) -> 0 | I3: =IF($A3="","",IF(AND(Data!J3<>"",ISNUMBER(Data!J3),Data!J3<Settings!$B$2,Data!G3="Active"),1,0)) -> 0 | J3: =IF($A3="","",IF($B3<>1,0,(1-N($C3))+(1-N($D3))+(1-N($E3))+N($F3)+N($G3)+N($H3)+N($I3))) -> 2
A4: =IF(Data!A4="","",Data!A4) -> APP-022 | B4: =IF($A4="","",IF(Data!G4="Active",1,0)) -> 1 | C4: =IF($B4<>1,"",IF(COUNTBLANK(Data!B4:H4)=0,1,0)) -> 0 | D4: =IF($B4<>1,"",IF(LEFT(Data!E4,4)="OWN-",1,0)) -> 1 | E4: =IF($B4<>1,"",IF(LEFT(Data!F4,4)="OWN-",1,0)) -> 0 | F4: =IF($B4<>1,"",IF(OR(Data!I4="",(Settings!$B$2-Data!I4)>Settings!$B$3),1,0)) -> 1 | G4: =IF($B4<>1,"",IF(SUMPRODUCT(--($B$2:$B$201=1),--(LEFT(Data!$B$2:$B$201,8)=LEFT(Data!B4,8)))>1,1,0)) -> 0 | H4: =IF($B4<>1,"",IF(Data!D4="",1,0)) -> 0 | I4: =IF($A4="","",IF(AND(Data!J4<>"",ISNUMBER(Data!J4),Data!J4<Settings!$B$2,Data!G4="Active"),1,0)) -> 0 | J4: =IF($A4="","",IF($B4<>1,0,(1-N($C4))+(1-N($D4))+(1-N($E4))+N($F4)+N($G4)+N($H4)+N($I4))) -> 3
A5: =IF(Data!A5="","",Data!A5) -> APP-031 | B5: =IF($A5="","",IF(Data!G5="Active",1,0)) -> 1 | C5: =IF($B5<>1,"",IF(COUNTBLANK(Data!B5:H5)=0,1,0)) -> 1 | D5: =IF($B5<>1,"",IF(LEFT(Data!E5,4)="OWN-",1,0)) -> 1 | E5: =IF($B5<>1,"",IF(LEFT(Data!F5,4)="OWN-",1,0)) -> 1 | F5: =IF($B5<>1,"",IF(OR(Data!I5="",(Settings!$B$2-Data!I5)>Settings!$B$3),1,0)) -> 0 | G5: =IF($B5<>1,"",IF(SUMPRODUCT(--($B$2:$B$201=1),--(LEFT(Data!$B$2:$B$201,8)=LEFT(Data!B5,8)))>1,1,0)) -> 0 | H5: =IF($B5<>1,"",IF(Data!D5="",1,0)) -> 0 | I5: =IF($A5="","",IF(AND(Data!J5<>"",ISNUMBER(Data!J5),Data!J5<Settings!$B$2,Data!G5="Active"),1,0)) -> 1 | J5: =IF($A5="","",IF($B5<>1,0,(1-N($C5))+(1-N($D5))+(1-N($E5))+N($F5)+N($G5)+N($H5)+N($I5))) -> 1
A6: =IF(Data!A6="","",Data!A6) -> APP-007 | B6: =IF($A6="","",IF(Data!G6="Active",1,0)) -> 1 | C6: =IF($B6<>1,"",IF(COUNTBLANK(Data!B6:H6)=0,1,0)) -> 1 | D6: =IF($B6<>1,"",IF(LEFT(Data!E6,4)="OWN-",1,0)) -> 1 | E6: =IF($B6<>1,"",IF(LEFT(Data!F6,4)="OWN-",1,0)) -> 1 | F6: =IF($B6<>1,"",IF(OR(Data!I6="",(Settings!$B$2-Data!I6)>Settings!$B$3),1,0)) -> 1 | G6: =IF($B6<>1,"",IF(SUMPRODUCT(--($B$2:$B$201=1),--(LEFT(Data!$B$2:$B$201,8)=LEFT(Data!B6,8)))>1,1,0)) -> 0 | H6: =IF($B6<>1,"",IF(Data!D6="",1,0)) -> 0 | I6: =IF($A6="","",IF(AND(Data!J6<>"",ISNUMBER(Data!J6),Data!J6<Settings!$B$2,Data!G6="Active"),1,0)) -> 0 | J6: =IF($A6="","",IF($B6<>1,0,(1-N($C6))+(1-N($D6))+(1-N($E6))+N($F6)+N($G6)+N($H6)+N($I6))) -> 1
A7: =IF(Data!A7="","",Data!A7) -> APP-052 | B7: =IF($A7="","",IF(Data!G7="Active",1,0)) -> 1 | C7: =IF($B7<>1,"",IF(COUNTBLANK(Data!B7:H7)=0,1,0)) -> 1 | D7: =IF($B7<>1,"",IF(LEFT(Data!E7,4)="OWN-",1,0)) -> 1 | E7: =IF($B7<>1,"",IF(LEFT(Data!F7,4)="OWN-",1,0)) -> 1 | F7: =IF($B7<>1,"",IF(OR(Data!I7="",(Settings!$B$2-Data!I7)>Settings!$B$3),1,0)) -> 0 | G7: =IF($B7<>1,"",IF(SUMPRODUCT(--($B$2:$B$201=1),--(LEFT(Data!$B$2:$B$201,8)=LEFT(Data!B7,8)))>1,1,0)) -> 1 | H7: =IF($B7<>1,"",IF(Data!D7="",1,0)) -> 0 | I7: =IF($A7="","",IF(AND(Data!J7<>"",ISNUMBER(Data!J7),Data!J7<Settings!$B$2,Data!G7="Active"),1,0)) -> 0 | J7: =IF($A7="","",IF($B7<>1,0,(1-N($C7))+(1-N($D7))+(1-N($E7))+N($F7)+N($G7)+N($H7)+N($I7))) -> 1
A8: =IF(Data!A8="","",Data!A8) -> APP-058 | B8: =IF($A8="","",IF(Data!G8="Active",1,0)) -> 1 | C8: =IF($B8<>1,"",IF(COUNTBLANK(Data!B8:H8)=0,1,0)) -> 1 | D8: =IF($B8<>1,"",IF(LEFT(Data!E8,4)="OWN-",1,0)) -> 1 | E8: =IF($B8<>1,"",IF(LEFT(Data!F8,4)="OWN-",1,0)) -> 1 | F8: =IF($B8<>1,"",IF(OR(Data!I8="",(Settings!$B$2-Data!I8)>Settings!$B$3),1,0)) -> 0 | G8: =IF($B8<>1,"",IF(SUMPRODUCT(--($B$2:$B$201=1),--(LEFT(Data!$B$2:$B$201,8)=LEFT(Data!B8,8)))>1,1,0)) -> 1 | H8: =IF($B8<>1,"",IF(Data!D8="",1,0)) -> 0 | I8: =IF($A8="","",IF(AND(Data!J8<>"",ISNUMBER(Data!J8),Data!J8<Settings!$B$2,Data!G8="Active"),1,0)) -> 0 | J8: =IF($A8="","",IF($B8<>1,0,(1-N($C8))+(1-N($D8))+(1-N($E8))+N($F8)+N($G8)+N($H8)+N($I8))) -> 1
A9: =IF(Data!A9="","",Data!A9) -> APP-063 | B9: =IF($A9="","",IF(Data!G9="Active",1,0)) -> 1 | C9: =IF($B9<>1,"",IF(COUNTBLANK(Data!B9:H9)=0,1,0)) -> 0 | D9: =IF($B9<>1,"",IF(LEFT(Data!E9,4)="OWN-",1,0)) -> 1 | E9: =IF($B9<>1,"",IF(LEFT(Data!F9,4)="OWN-",1,0)) -> 1 | F9: =IF($B9<>1,"",IF(OR(Data!I9="",(Settings!$B$2-Data!I9)>Settings!$B$3),1,0)) -> 0 | G9: =IF($B9<>1,"",IF(SUMPRODUCT(--($B$2:$B$201=1),--(LEFT(Data!$B$2:$B$201,8)=LEFT(Data!B9,8)))>1,1,0)) -> 0 | H9: =IF($B9<>1,"",IF(Data!D9="",1,0)) -> 1 | I9: =IF($A9="","",IF(AND(Data!J9<>"",ISNUMBER(Data!J9),Data!J9<Settings!$B$2,Data!G9="Active"),1,0)) -> 0 | J9: =IF($A9="","",IF($B9<>1,0,(1-N($C9))+(1-N($D9))+(1-N($E9))+N($F9)+N($G9)+N($H9)+N($I9))) -> 2
A10: =IF(Data!A10="","",Data!A10) -> APP-070 | B10: =IF($A10="","",IF(Data!G10="Active",1,0)) -> 0 | C10: =IF($B10<>1,"",IF(COUNTBLANK(Data!B10:H10)=0,1,0)) | D10: =IF($B10<>1,"",IF(LEFT(Data!E10,4)="OWN-",1,0)) | E10: =IF($B10<>1,"",IF(LEFT(Data!F10,4)="OWN-",1,0)) | F10: =IF($B10<>1,"",IF(OR(Data!I10="",(Settings!$B$2-Data!I10)>Settings!$B$3),1,0)) | G10: =IF($B10<>1,"",IF(SUMPRODUCT(--($B$2:$B$201=1),--(LEFT(Data!$B$2:$B$201,8)=LEFT(Data!B10,8)))>1,1,0)) | H10: =IF($B10<>1,"",IF(Data!D10="",1,0)) | I10: =IF($A10="","",IF(AND(Data!J10<>"",ISNUMBER(Data!J10),Data!J10<Settings!$B$2,Data!G10="Active"),1,0)) -> 0 | J10: =IF($A10="","",IF($B10<>1,0,(1-N($C10))+(1-N($D10))+(1-N($E10))+N($F10)+N($G10)+N($H10)+N($I10))) -> 0
A11: =IF(Data!A11="","",Data!A11) -> APP-081 | B11: =IF($A11="","",IF(Data!G11="Active",1,0)) -> 0 | C11: =IF($B11<>1,"",IF(COUNTBLANK(Data!B11:H11)=0,1,0)) | D11: =IF($B11<>1,"",IF(LEFT(Data!E11,4)="OWN-",1,0)) | E11: =IF($B11<>1,"",IF(LEFT(Data!F11,4)="OWN-",1,0)) | F11: =IF($B11<>1,"",IF(OR(Data!I11="",(Settings!$B$2-Data!I11)>Settings!$B$3),1,0)) | G11: =IF($B11<>1,"",IF(SUMPRODUCT(--($B$2:$B$201=1),--(LEFT(Data!$B$2:$B$201,8)=LEFT(Data!B11,8)))>1,1,0)) | H11: =IF($B11<>1,"",IF(Data!D11="",1,0)) | I11: =IF($A11="","",IF(AND(Data!J11<>"",ISNUMBER(Data!J11),Data!J11<Settings!$B$2,Data!G11="Active"),1,0)) -> 0 | J11: =IF($A11="","",IF($B11<>1,0,(1-N($C11))+(1-N($D11))+(1-N($E11))+N($F11)+N($G11)+N($H11)+N($I11))) -> 0
A12: =IF(Data!A12="","",Data!A12) | B12: =IF($A12="","",IF(Data!G12="Active",1,0)) | C12: =IF($B12<>1,"",IF(COUNTBLANK(Data!B12:H12)=0,1,0)) | D12: =IF($B12<>1,"",IF(LEFT(Data!E12,4)="OWN-",1,0)) | E12: =IF($B12<>1,"",IF(LEFT(Data!F12,4)="OWN-",1,0)) | F12: =IF($B12<>1,"",IF(OR(Data!I12="",(Settings!$B$2-Data!I12)>Settings!$B$3),1,0)) | G12: =IF($B12<>1,"",IF(SUMPRODUCT(--($B$2:$B$201=1),--(LEFT(Data!$B$2:$B$201,8)=LEFT(Data!B12,8)))>1,1,0)) | H12: =IF($B12<>1,"",IF(Data!D12="",1,0)) | I12: =IF($A12="","",IF(AND(Data!J12<>"",ISNUMBER(Data!J12),Data!J12<Settings!$B$2,Data!G12="Active"),1,0)) | J12: =IF($A12="","",IF($B12<>1,0,(1-N($C12))+(1-N($D12))+(1-N($E12))+N($F12)+N($G12)+N($H12)+N($I12)))
A13: =IF(Data!A13="","",Data!A13) -> ^ paste your export from here down. Ten example rows above show the expected shape - delete them when you have real data. | B13: =IF($A13="","",IF(Data!G13="Active",1,0)) -> 0 | C13: =IF($B13<>1,"",IF(COUNTBLANK(Data!B13:H13)=0,1,0)) | D13: =IF($B13<>1,"",IF(LEFT(Data!E13,4)="OWN-",1,0)) | E13: =IF($B13<>1,"",IF(LEFT(Data!F13,4)="OWN-",1,0)) | F13: =IF($B13<>1,"",IF(OR(Data!I13="",(Settings!$B$2-Data!I13)>Settings!$B$3),1,0)) | G13: =IF($B13<>1,"",IF(SUMPRODUCT(--($B$2:$B$201=1),--(LEFT(Data!$B$2:$B$201,8)=LEFT(Data!B13,8)))>1,1,0)) | H13: =IF($B13<>1,"",IF(Data!D13="",1,0)) | I13: =IF($A13="","",IF(AND(Data!J13<>"",ISNUMBER(Data!J13),Data!J13<Settings!$B$2,Data!G13="Active"),1,0)) -> 0 | J13: =IF($A13="","",IF($B13<>1,0,(1-N($C13))+(1-N($D13))+(1-N($E13))+N($F13)+N($G13)+N($H13)+N($I13))) -> 0
... A201: =IF(Data!A201="","",Data!A201) | B201: =IF($A201="","",IF(Data!G201="Active",1,0)) | C201: =IF($B201<>1,"",IF(COUNTBLANK(Data!B201:H201)=0,1,0)) | D201: =IF($B201<>1,"",IF(LEFT(Data!E201,4)="OWN-",1,0)) | E201: =IF($B201<>1,"",IF(LEFT(Data!F201,4)="OWN-",1,0)) | F201: =IF($B201<>1,"",IF(OR(Data!I201="",(Settings!$B$2-Data!I201)>Settings!$B$3),1,0)) | G201: =IF($B201<>1,"",IF(SUMPRODUCT(--($B$2:$B$201=1),--(LEFT(Data!$B$2:$B$201,8)=LEFT(Data!B201,8)))>1,1,0)) | H201: =IF($B201<>1,"",IF(Data!D201="",1,0)) | I201: =IF($A201="","",IF(AND(Data!J201<>"",ISNUMBER(Data!J201),Data!J201<Settings!$B$2,Data!G201="Active"),1,0)) | J201: =IF($A201="","",IF($B201<>1,0,(1-N($C201))+(1-N($D201))+(1-N($E201))+N($F201)+N($G201)+N($H201)+N($I201)))
A203: 1 = passes or flags as labelled. Blank rows stay blank. Nothing here is typed by hand.

Sheet Findings
A1: Finding ID | B1: APP-ID | C1: What is wrong | D1: Check | E1: Owner | F1: Raised | G1: Due | H1: Age (days) | I1: Status | J1: Note | K1: Domain (lookup)
A2: F-101 | B2: APP-014 | C2: No business owner | D2: Missing ownership | E2: OWN-01 | F2: 46176 | G2: 46197 | H2: =IF(OR(F2="",I2="Closed"),0,Settings!$B$2-F2) -> 27 | I2: Open | K2: =IFERROR(INDEX(Data!$H:$H,MATCH($B2,Data!$A:$A,0)),"") -> Commerce
A3: F-102 | B3: APP-022 | C3: No business owner | D3: Missing ownership | E3: OWN-02 | F3: 46120 | G3: 46141 | H3: =IF(OR(F3="",I3="Closed"),0,Settings!$B$2-F3) -> 83 | I3: Open | J3: Vacant role - raised with the domain lead | K3: =IFERROR(INDEX(Data!$H:$H,MATCH($B3,Data!$A:$A,0)),"") -> Corporate
A4: F-103 | B4: APP-031 | C4: Active on a component past end of support | D4: Lifecycle contradiction | E4: OWN-03 | F4: 46176 | G4: 46218 | H4: =IF(OR(F4="",I4="Closed"),0,Settings!$B$2-F4) -> 27 | I4: Open | J4: Needs a decision, 30-day clock | K4: =IFERROR(INDEX(Data!$H:$H,MATCH($B4,Data!$A:$A,0)),"") -> Commerce
A5: F-104 | B5: APP-007 | C5: Not attested in over 120 days | D5: Stale record | E5: OWN-02 | F5: 46176 | G5: 46197 | H5: =IF(OR(F5="",I5="Closed"),0,Settings!$B$2-F5) -> 27 | I5: Open | K5: =IFERROR(INDEX(Data!$H:$H,MATCH($B5,Data!$A:$A,0)),"") -> Supply chain
A6: F-105 | B6: APP-052 | C6: Possible duplicate of APP-058 | D6: Duplicate | E6: OWN-03 | F6: 46148 | G6: 46169 | H6: =IF(OR(F6="",I6="Closed"),0,Settings!$B$2-F6) -> 55 | I6: Open | J6: Human check before any merge | K6: =IFERROR(INDEX(Data!$H:$H,MATCH($B6,Data!$A:$A,0)),"") -> Supply chain
A7: F-106 | B7: APP-063 | C7: No capability, no relationships | D7: Orphan | E7: OWN-04 | F7: 46176 | G7: 46197 | H7: =IF(OR(F7="",I7="Closed"),0,Settings!$B$2-F7) -> 27 | I7: Open | K7: =IFERROR(INDEX(Data!$H:$H,MATCH($B7,Data!$A:$A,0)),"") -> Data
A8: F-098 | B8: APP-070 | C8: Phase-out with no successor named | D8: Lifecycle contradiction | E8: OWN-02 | F8: 46148 | G8: 46190 | H8: =IF(OR(F8="",I8="Closed"),0,Settings!$B$2-F8) -> 0 | I8: Closed | J8: Successor APP-001 recorded on 12 Jun | K8: =IFERROR(INDEX(Data!$H:$H,MATCH($B8,Data!$A:$A,0)),"") -> Commerce
H9: =IF(OR(F9="",I9="Closed"),0,Settings!$B$2-F9) -> 0 | K9: =IFERROR(INDEX(Data!$H:$H,MATCH($B9,Data!$A:$A,0)),"")
H10: =IF(OR(F10="",I10="Closed"),0,Settings!$B$2-F10) -> 0 | K10: =IFERROR(INDEX(Data!$H:$H,MATCH($B10,Data!$A:$A,0)),"")
H11: =IF(OR(F11="",I11="Closed"),0,Settings!$B$2-F11) -> 0 | K11: =IFERROR(INDEX(Data!$H:$H,MATCH($B11,Data!$A:$A,0)),"")
H12: =IF(OR(F12="",I12="Closed"),0,Settings!$B$2-F12) -> 0 | K12: =IFERROR(INDEX(Data!$H:$H,MATCH($B12,Data!$A:$A,0)),"")
H13: =IF(OR(F13="",I13="Closed"),0,Settings!$B$2-F13) -> 0 | K13: =IFERROR(INDEX(Data!$H:$H,MATCH($B13,Data!$A:$A,0)),"")
H14: =IF(OR(F14="",I14="Closed"),0,Settings!$B$2-F14) -> 0 | K14: =IFERROR(INDEX(Data!$H:$H,MATCH($B14,Data!$A:$A,0)),"")
H15: =IF(OR(F15="",I15="Closed"),0,Settings!$B$2-F15) -> 0 | K15: =IFERROR(INDEX(Data!$H:$H,MATCH($B15,Data!$A:$A,0)),"")
H16: =IF(OR(F16="",I16="Closed"),0,Settings!$B$2-F16) -> 0 | K16: =IFERROR(INDEX(Data!$H:$H,MATCH($B16,Data!$A:$A,0)),"")
H17: =IF(OR(F17="",I17="Closed"),0,Settings!$B$2-F17) -> 0 | K17: =IFERROR(INDEX(Data!$H:$H,MATCH($B17,Data!$A:$A,0)),"")
H18: =IF(OR(F18="",I18="Closed"),0,Settings!$B$2-F18) -> 0 | K18: =IFERROR(INDEX(Data!$H:$H,MATCH($B18,Data!$A:$A,0)),"")
H19: =IF(OR(F19="",I19="Closed"),0,Settings!$B$2-F19) -> 0 | K19: =IFERROR(INDEX(Data!$H:$H,MATCH($B19,Data!$A:$A,0)),"")
H20: =IF(OR(F20="",I20="Closed"),0,Settings!$B$2-F20) -> 0 | K20: =IFERROR(INDEX(Data!$H:$H,MATCH($B20,Data!$A:$A,0)),"")
... H46: =IF(OR(F46="",I46="Closed"),0,Settings!$B$2-F46) -> 0 | K46: =IFERROR(INDEX(Data!$H:$H,MATCH($B46,Data!$A:$A,0)),"")
A48: Age computes from the report month on Settings. Closed findings keep their row - the closed count is the number that changes behaviour.

Sheet Report
A1: Portfolio quality - monthly report
A2: =TEXT(Settings!B2,"mmmm yyyy")&" - as at "&TEXT(Settings!B2,"dd mmm") -> June 2026 - as at 30 Jun
A4: Block 1 - headline
A5: Completeness, mandatory fields | B5: =IFERROR(SUMPRODUCT(--(Checks!C2:C201=1))/SUMPRODUCT(--(Checks!B2:B201=1)),0) -> 0.625
A6: Open findings | B6: =COUNTIF(Findings!I:I,"Open") -> 6
A7: Closed since last report | B7: =COUNTIF(Findings!I:I,"Closed") -> 1
A8: IT owner coverage | B8: =IFERROR(SUMPRODUCT(--(Checks!D2:D201=1))/SUMPRODUCT(--(Checks!B2:B201=1)),0) -> 1
A9: Business owner coverage | B9: =IFERROR(SUMPRODUCT(--(Checks!E2:E201=1))/SUMPRODUCT(--(Checks!B2:B201=1)),0) -> 0.75
A10: Lifecycle contradictions | B10: =SUMPRODUCT(--(Checks!I2:I201=1)) -> 1
A12: Block 2 - by domain, sorted by open findings
A13: Domain | B13: Records | C13: Complete | D13: Open findings | E13: Oldest (days)
A14: Commerce | B14: =SUMPRODUCT(--(Data!$H$2:$H$201=$A14),--(Checks!$B$2:$B$201=1)) -> 3 | C14: =IFERROR(SUMPRODUCT(--(Data!$H$2:$H$201=$A14),--(Checks!$C$2:$C$201=1))/$B14,0) -> 0.66666667 | D14: =COUNTIFS(Findings!$K$2:$K$60,$A14,Findings!$I$2:$I$60,"Open") -> 2 | E14: =SUMPRODUCT(MAX((Findings!$K$2:$K$60=$A14)*(Findings!$I$2:$I$60="Open")*Findings!$H$2:$H$60)) -> 27
A15: Supply chain | B15: =SUMPRODUCT(--(Data!$H$2:$H$201=$A15),--(Checks!$B$2:$B$201=1)) -> 3 | C15: =IFERROR(SUMPRODUCT(--(Data!$H$2:$H$201=$A15),--(Checks!$C$2:$C$201=1))/$B15,0) -> 1 | D15: =COUNTIFS(Findings!$K$2:$K$60,$A15,Findings!$I$2:$I$60,"Open") -> 2 | E15: =SUMPRODUCT(MAX((Findings!$K$2:$K$60=$A15)*(Findings!$I$2:$I$60="Open")*Findings!$H$2:$H$60)) -> 55
A16: Corporate | B16: =SUMPRODUCT(--(Data!$H$2:$H$201=$A16),--(Checks!$B$2:$B$201=1)) -> 1 | C16: =IFERROR(SUMPRODUCT(--(Data!$H$2:$H$201=$A16),--(Checks!$C$2:$C$201=1))/$B16,0) -> 0 | D16: =COUNTIFS(Findings!$K$2:$K$60,$A16,Findings!$I$2:$I$60,"Open") -> 1 | E16: =SUMPRODUCT(MAX((Findings!$K$2:$K$60=$A16)*(Findings!$I$2:$I$60="Open")*Findings!$H$2:$H$60)) -> 83
A17: Data | B17: =SUMPRODUCT(--(Data!$H$2:$H$201=$A17),--(Checks!$B$2:$B$201=1)) -> 1 | C17: =IFERROR(SUMPRODUCT(--(Data!$H$2:$H$201=$A17),--(Checks!$C$2:$C$201=1))/$B17,0) -> 0 | D17: =COUNTIFS(Findings!$K$2:$K$60,$A17,Findings!$I$2:$I$60,"Open") -> 1 | E17: =SUMPRODUCT(MAX((Findings!$K$2:$K$60=$A17)*(Findings!$I$2:$I$60="Open")*Findings!$H$2:$H$60)) -> 27
A19: Block 3 - findings by owner: copy the open rows from the Findings sheet, grouped by owner, fifteen lines maximum
A20: Block 4 - two sentences of interpretation
A21: [ what moved, what stalled, what you are doing about it - not analysis, interpretation ]
A23: Recipients: four named people who can unblock things. Never a mailbox.

Sheet Trend
A1: Month | B1: Completeness | C1: IT owner | D1: Business owner | E1: Open findings | F1: Closed this month | G1: Lifecycle contradictions
A2: 45839 | B2: 0.61 | C2: 0.88 | D2: 0.55 | E2: 22 | F2: 7 | G2: 9
A3: 45870 | B3: 0.66 | C3: 0.9 | D3: 0.58 | E3: 19 | F3: 9 | G3: 8
A4: 45901 | B4: 0.71 | C4: 0.92 | D4: 0.62 | E4: 17 | F4: 8 | G4: 6
A5: 45931 | B5: 0.74 | C5: 0.93 | D5: 0.66 | E5: 15 | F5: 6 | G5: 5
A6: 45962 | B6: 0.75 | C6: 0.94 | D6: 0.67 | E6: 15 | F6: 5 | G6: 5
A7: 45992 | B7: 0.76 | C7: 0.94 | D7: 0.68 | E7: 14 | F7: 6 | G7: 4
A8: 46023 | B8: 0.76 | C8: 0.95 | D8: 0.69 | E8: 14 | F8: 5 | G8: 4
A9: 46054 | B9: 0.77 | C9: 0.95 | D9: 0.7 | E9: 13 | F9: 6 | G9: 3
A10: 46082 | B10: 0.77 | C10: 0.96 | D10: 0.7 | E10: 13 | F10: 5 | G10: 3
A11: 46113 | B11: 0.78 | C11: 0.96 | D11: 0.71 | E11: 14 | F11: 4 | G11: 3
A12: 46143 | B12: 0.78 | C12: 0.96 | D12: 0.72 | E12: 13 | F12: 5 | G12: 2
A13: =Settings!B2 -> 46203 | B13: =Report!B5 -> 0.625 | C13: =Report!B8 -> 1 | D13: =Report!B9 -> 0.75 | E13: =Report!B6 -> 6 | F13: =Report!B7 -> 1 | G13: =Report!B10 -> 1
A14: ^ this row pulls from the current report. Paste it as values each month, then leave it - twelve rows and the shape becomes obvious.
